USE [master]
GO
/****** Object:  Database [NorthwindEasy]    Script Date: 23/08/2022 12:14:19 p. m. ******/
CREATE DATABASE [NorthwindEasy]
GO

USE [NorthwindEasy]
GO
/****** Object:  Table [dbo].[departments]    Script Date: 23/08/2022 12:14:20 p. m. ******/
SET ANSI_NULLS ON
GO
SET QUOTED_IDENTIFIER ON
GO
CREATE TABLE [dbo].[departments](
	[department_id] [int] IDENTITY(1,1) NOT NULL,
	[department_name] [varchar](30) NOT NULL,
PRIMARY KEY CLUSTERED 
(
	[department_id] ASC
)WITH (PAD_INDEX = OFF, STATISTICS_NORECOMPUTE = OFF, IGNORE_DUP_KEY = OFF, ALLOW_ROW_LOCKS = ON, ALLOW_PAGE_LOCKS = ON, OPTIMIZE_FOR_SEQUENTIAL_KEY = OFF) ON [PRIMARY]
) ON [PRIMARY]
GO
/****** Object:  Table [dbo].[employees]    Script Date: 23/08/2022 12:14:20 p. m. ******/
SET ANSI_NULLS ON
GO
SET QUOTED_IDENTIFIER ON
GO
CREATE TABLE [dbo].[employees](
	[employee_id] [int] IDENTITY(1,1) NOT NULL,
	[first_name] [varchar](20) NULL,
	[last_name] [varchar](25) NOT NULL,
	[email] [varchar](100) NOT NULL,
	[phone_number] [varchar](20) NULL,
	[hire_date] [date] NOT NULL,
	[job_id] [int] NOT NULL,
	[salary] [decimal](8, 2) NOT NULL,
	[manager_id] [int] NULL,
	[department_id] [int] NULL,
PRIMARY KEY CLUSTERED 
(
	[employee_id] ASC
)WITH (PAD_INDEX = OFF, STATISTICS_NORECOMPUTE = OFF, IGNORE_DUP_KEY = OFF, ALLOW_ROW_LOCKS = ON, ALLOW_PAGE_LOCKS = ON, OPTIMIZE_FOR_SEQUENTIAL_KEY = OFF) ON [PRIMARY]
) ON [PRIMARY]
GO
/****** Object:  Table [dbo].[jobs]    Script Date: 23/08/2022 12:14:20 p. m. ******/
SET ANSI_NULLS ON
GO
SET QUOTED_IDENTIFIER ON
GO
CREATE TABLE [dbo].[jobs](
	[job_id] [int] IDENTITY(1,1) NOT NULL,
	[job_title] [varchar](35) NOT NULL,
	[min_salary] [decimal](8, 2) NULL,
	[max_salary] [decimal](8, 2) NULL,
PRIMARY KEY CLUSTERED 
(
	[job_id] ASC
)WITH (PAD_INDEX = OFF, STATISTICS_NORECOMPUTE = OFF, IGNORE_DUP_KEY = OFF, ALLOW_ROW_LOCKS = ON, ALLOW_PAGE_LOCKS = ON, OPTIMIZE_FOR_SEQUENTIAL_KEY = OFF) ON [PRIMARY]
) ON [PRIMARY]
GO
SET IDENTITY_INSERT [dbo].[departments] ON 
GO
INSERT [dbo].[departments] ([department_id], [department_name]) VALUES (1, N'Administration')
GO
INSERT [dbo].[departments] ([department_id], [department_name]) VALUES (2, N'Marketing')
GO
INSERT [dbo].[departments] ([department_id], [department_name]) VALUES (3, N'Purchasing')
GO
INSERT [dbo].[departments] ([department_id], [department_name]) VALUES (4, N'Human Resources')
GO
INSERT [dbo].[departments] ([department_id], [department_name]) VALUES (5, N'Shipping')
GO
INSERT [dbo].[departments] ([department_id], [department_name]) VALUES (6, N'IT')
GO
INSERT [dbo].[departments] ([department_id], [department_name]) VALUES (7, N'Public Relations')
GO
INSERT [dbo].[departments] ([department_id], [department_name]) VALUES (8, N'Sales')
GO
INSERT [dbo].[departments] ([department_id], [department_name]) VALUES (9, N'Executive')
GO
INSERT [dbo].[departments] ([department_id], [department_name]) VALUES (10, N'Finance')
GO
INSERT [dbo].[departments] ([department_id], [department_name]) VALUES (11, N'Accounting')
GO
SET IDENTITY_INSERT [dbo].[departments] OFF
GO
SET IDENTITY_INSERT [dbo].[employees] ON 
GO
INSERT [dbo].[employees] ([employee_id], [first_name], [last_name], [email], [phone_number], [hire_date], [job_id], [salary], [manager_id], [department_id]) VALUES (100, N'Steven', N'King', N'steven.king@sqltutorial.org', N'515.123.4567', CAST(N'1987-06-17' AS Date), 4, CAST(24000.00 AS Decimal(8, 2)), NULL, 9)
GO
INSERT [dbo].[employees] ([employee_id], [first_name], [last_name], [email], [phone_number], [hire_date], [job_id], [salary], [manager_id], [department_id]) VALUES (101, N'Neena', N'Kochhar', N'neena.kochhar@sqltutorial.org', N'515.123.4568', CAST(N'1989-09-21' AS Date), 5, CAST(17000.00 AS Decimal(8, 2)), 100, 9)
GO
INSERT [dbo].[employees] ([employee_id], [first_name], [last_name], [email], [phone_number], [hire_date], [job_id], [salary], [manager_id], [department_id]) VALUES (102, N'Lex', N'De Haan', N'lex.de haan@sqltutorial.org', N'515.123.4569', CAST(N'1993-01-13' AS Date), 5, CAST(17000.00 AS Decimal(8, 2)), 100, 9)
GO
INSERT [dbo].[employees] ([employee_id], [first_name], [last_name], [email], [phone_number], [hire_date], [job_id], [salary], [manager_id], [department_id]) VALUES (103, N'Alexander', N'Hunold', N'alexander.hunold@sqltutorial.org', N'590.423.4567', CAST(N'1990-01-03' AS Date), 9, CAST(9000.00 AS Decimal(8, 2)), 102, 6)
GO
INSERT [dbo].[employees] ([employee_id], [first_name], [last_name], [email], [phone_number], [hire_date], [job_id], [salary], [manager_id], [department_id]) VALUES (104, N'Bruce', N'Ernst', N'bruce.ernst@sqltutorial.org', N'590.423.4568', CAST(N'1991-05-21' AS Date), 9, CAST(6000.00 AS Decimal(8, 2)), 103, 6)
GO
INSERT [dbo].[employees] ([employee_id], [first_name], [last_name], [email], [phone_number], [hire_date], [job_id], [salary], [manager_id], [department_id]) VALUES (105, N'David', N'Austin', N'david.austin@sqltutorial.org', N'590.423.4569', CAST(N'1997-06-25' AS Date), 9, CAST(4800.00 AS Decimal(8, 2)), 103, 6)
GO
INSERT [dbo].[employees] ([employee_id], [first_name], [last_name], [email], [phone_number], [hire_date], [job_id], [salary], [manager_id], [department_id]) VALUES (106, N'Valli', N'Pataballa', N'valli.pataballa@sqltutorial.org', N'590.423.4560', CAST(N'1998-02-05' AS Date), 9, CAST(4800.00 AS Decimal(8, 2)), 103, 6)
GO
INSERT [dbo].[employees] ([employee_id], [first_name], [last_name], [email], [phone_number], [hire_date], [job_id], [salary], [manager_id], [department_id]) VALUES (107, N'Diana', N'Lorentz', N'diana.lorentz@sqltutorial.org', N'590.423.5567', CAST(N'1999-02-07' AS Date), 9, CAST(4200.00 AS Decimal(8, 2)), 103, 6)
GO
INSERT [dbo].[employees] ([employee_id], [first_name], [last_name], [email], [phone_number], [hire_date], [job_id], [salary], [manager_id], [department_id]) VALUES (108, N'Nancy', N'Greenberg', N'nancy.greenberg@sqltutorial.org', N'515.124.4569', CAST(N'1994-08-17' AS Date), 7, CAST(12000.00 AS Decimal(8, 2)), 101, 10)
GO
INSERT [dbo].[employees] ([employee_id], [first_name], [last_name], [email], [phone_number], [hire_date], [job_id], [salary], [manager_id], [department_id]) VALUES (109, N'Daniel', N'Faviet', N'daniel.faviet@sqltutorial.org', N'515.124.4169', CAST(N'1994-08-16' AS Date), 6, CAST(9000.00 AS Decimal(8, 2)), 108, 10)
GO
INSERT [dbo].[employees] ([employee_id], [first_name], [last_name], [email], [phone_number], [hire_date], [job_id], [salary], [manager_id], [department_id]) VALUES (110, N'John', N'Chen', N'john.chen@sqltutorial.org', N'515.124.4269', CAST(N'1997-09-28' AS Date), 6, CAST(8200.00 AS Decimal(8, 2)), 108, 10)
GO
INSERT [dbo].[employees] ([employee_id], [first_name], [last_name], [email], [phone_number], [hire_date], [job_id], [salary], [manager_id], [department_id]) VALUES (111, N'Ismael', N'Sciarra', N'ismael.sciarra@sqltutorial.org', N'515.124.4369', CAST(N'1997-09-30' AS Date), 6, CAST(7700.00 AS Decimal(8, 2)), 108, 10)
GO
INSERT [dbo].[employees] ([employee_id], [first_name], [last_name], [email], [phone_number], [hire_date], [job_id], [salary], [manager_id], [department_id]) VALUES (112, N'Jose Manuel', N'Urman', N'jose manuel.urman@sqltutorial.org', N'515.124.4469', CAST(N'1998-03-07' AS Date), 6, CAST(7800.00 AS Decimal(8, 2)), 108, 10)
GO
INSERT [dbo].[employees] ([employee_id], [first_name], [last_name], [email], [phone_number], [hire_date], [job_id], [salary], [manager_id], [department_id]) VALUES (113, N'Luis', N'Popp', N'luis.popp@sqltutorial.org', N'515.124.4567', CAST(N'1999-12-07' AS Date), 6, CAST(6900.00 AS Decimal(8, 2)), 108, 10)
GO
INSERT [dbo].[employees] ([employee_id], [first_name], [last_name], [email], [phone_number], [hire_date], [job_id], [salary], [manager_id], [department_id]) VALUES (114, N'Den', N'Raphaely', N'den.raphaely@sqltutorial.org', N'515.127.4561', CAST(N'1994-12-07' AS Date), 14, CAST(11000.00 AS Decimal(8, 2)), 100, 3)
GO
INSERT [dbo].[employees] ([employee_id], [first_name], [last_name], [email], [phone_number], [hire_date], [job_id], [salary], [manager_id], [department_id]) VALUES (115, N'Alexander', N'Khoo', N'alexander.khoo@sqltutorial.org', N'515.127.4562', CAST(N'1995-05-18' AS Date), 13, CAST(3100.00 AS Decimal(8, 2)), 114, 3)
GO
INSERT [dbo].[employees] ([employee_id], [first_name], [last_name], [email], [phone_number], [hire_date], [job_id], [salary], [manager_id], [department_id]) VALUES (116, N'Shelli', N'Baida', N'shelli.baida@sqltutorial.org', N'515.127.4563', CAST(N'1997-12-24' AS Date), 13, CAST(2900.00 AS Decimal(8, 2)), 114, 3)
GO
INSERT [dbo].[employees] ([employee_id], [first_name], [last_name], [email], [phone_number], [hire_date], [job_id], [salary], [manager_id], [department_id]) VALUES (117, N'Sigal', N'Tobias', N'sigal.tobias@sqltutorial.org', N'515.127.4564', CAST(N'1997-07-24' AS Date), 13, CAST(2800.00 AS Decimal(8, 2)), 114, 3)
GO
INSERT [dbo].[employees] ([employee_id], [first_name], [last_name], [email], [phone_number], [hire_date], [job_id], [salary], [manager_id], [department_id]) VALUES (118, N'Guy', N'Himuro', N'guy.himuro@sqltutorial.org', N'515.127.4565', CAST(N'1998-11-15' AS Date), 13, CAST(2600.00 AS Decimal(8, 2)), 114, 3)
GO
INSERT [dbo].[employees] ([employee_id], [first_name], [last_name], [email], [phone_number], [hire_date], [job_id], [salary], [manager_id], [department_id]) VALUES (119, N'Karen', N'Colmenares', N'karen.colmenares@sqltutorial.org', N'515.127.4566', CAST(N'1999-08-10' AS Date), 13, CAST(2500.00 AS Decimal(8, 2)), 114, 3)
GO
INSERT [dbo].[employees] ([employee_id], [first_name], [last_name], [email], [phone_number], [hire_date], [job_id], [salary], [manager_id], [department_id]) VALUES (120, N'Matthew', N'Weiss', N'matthew.weiss@sqltutorial.org', N'650.123.1234', CAST(N'1996-07-18' AS Date), 19, CAST(8000.00 AS Decimal(8, 2)), 100, 5)
GO
INSERT [dbo].[employees] ([employee_id], [first_name], [last_name], [email], [phone_number], [hire_date], [job_id], [salary], [manager_id], [department_id]) VALUES (121, N'Adam', N'Fripp', N'adam.fripp@sqltutorial.org', N'650.123.2234', CAST(N'1997-04-10' AS Date), 19, CAST(8200.00 AS Decimal(8, 2)), 100, 5)
GO
INSERT [dbo].[employees] ([employee_id], [first_name], [last_name], [email], [phone_number], [hire_date], [job_id], [salary], [manager_id], [department_id]) VALUES (122, N'Payam', N'Kaufling', N'payam.kaufling@sqltutorial.org', N'650.123.3234', CAST(N'1995-05-01' AS Date), 19, CAST(7900.00 AS Decimal(8, 2)), 100, 5)
GO
INSERT [dbo].[employees] ([employee_id], [first_name], [last_name], [email], [phone_number], [hire_date], [job_id], [salary], [manager_id], [department_id]) VALUES (123, N'Shanta', N'Vollman', N'shanta.vollman@sqltutorial.org', N'650.123.4234', CAST(N'1997-10-10' AS Date), 19, CAST(6500.00 AS Decimal(8, 2)), 100, 5)
GO
INSERT [dbo].[employees] ([employee_id], [first_name], [last_name], [email], [phone_number], [hire_date], [job_id], [salary], [manager_id], [department_id]) VALUES (126, N'Irene', N'Mikkilineni', N'irene.mikkilineni@sqltutorial.org', N'650.124.1224', CAST(N'1998-09-28' AS Date), 18, CAST(2700.00 AS Decimal(8, 2)), 120, 5)
GO
INSERT [dbo].[employees] ([employee_id], [first_name], [last_name], [email], [phone_number], [hire_date], [job_id], [salary], [manager_id], [department_id]) VALUES (145, N'John', N'Russell', N'john.russell@sqltutorial.org', NULL, CAST(N'1996-10-01' AS Date), 15, CAST(14000.00 AS Decimal(8, 2)), 100, 8)
GO
INSERT [dbo].[employees] ([employee_id], [first_name], [last_name], [email], [phone_number], [hire_date], [job_id], [salary], [manager_id], [department_id]) VALUES (146, N'Karen', N'Partners', N'karen.partners@sqltutorial.org', NULL, CAST(N'1997-01-05' AS Date), 15, CAST(13500.00 AS Decimal(8, 2)), 100, 8)
GO
INSERT [dbo].[employees] ([employee_id], [first_name], [last_name], [email], [phone_number], [hire_date], [job_id], [salary], [manager_id], [department_id]) VALUES (176, N'Jonathon', N'Taylor', N'jonathon.taylor@sqltutorial.org', NULL, CAST(N'1998-03-24' AS Date), 16, CAST(8600.00 AS Decimal(8, 2)), 100, 8)
GO
INSERT [dbo].[employees] ([employee_id], [first_name], [last_name], [email], [phone_number], [hire_date], [job_id], [salary], [manager_id], [department_id]) VALUES (177, N'Jack', N'Livingston', N'jack.livingston@sqltutorial.org', NULL, CAST(N'1998-04-23' AS Date), 16, CAST(8400.00 AS Decimal(8, 2)), 100, 8)
GO
INSERT [dbo].[employees] ([employee_id], [first_name], [last_name], [email], [phone_number], [hire_date], [job_id], [salary], [manager_id], [department_id]) VALUES (178, N'Kimberely', N'Grant', N'kimberely.grant@sqltutorial.org', NULL, CAST(N'1999-05-24' AS Date), 16, CAST(7000.00 AS Decimal(8, 2)), 100, 8)
GO
INSERT [dbo].[employees] ([employee_id], [first_name], [last_name], [email], [phone_number], [hire_date], [job_id], [salary], [manager_id], [department_id]) VALUES (179, N'Charles', N'Johnson', N'charles.johnson@sqltutorial.org', NULL, CAST(N'2000-01-04' AS Date), 16, CAST(6200.00 AS Decimal(8, 2)), 100, 8)
GO
INSERT [dbo].[employees] ([employee_id], [first_name], [last_name], [email], [phone_number], [hire_date], [job_id], [salary], [manager_id], [department_id]) VALUES (192, N'Sarah', N'Bell', N'sarah.bell@sqltutorial.org', N'650.501.1876', CAST(N'1996-02-04' AS Date), 17, CAST(4000.00 AS Decimal(8, 2)), 123, 5)
GO
INSERT [dbo].[employees] ([employee_id], [first_name], [last_name], [email], [phone_number], [hire_date], [job_id], [salary], [manager_id], [department_id]) VALUES (193, N'Britney', N'Everett', N'britney.everett@sqltutorial.org', N'650.501.2876', CAST(N'1997-03-03' AS Date), 17, CAST(3900.00 AS Decimal(8, 2)), 123, 5)
GO
INSERT [dbo].[employees] ([employee_id], [first_name], [last_name], [email], [phone_number], [hire_date], [job_id], [salary], [manager_id], [department_id]) VALUES (200, N'Jennifer', N'Whalen', N'jennifer.whalen@sqltutorial.org', N'515.123.4444', CAST(N'1987-09-17' AS Date), 3, CAST(4400.00 AS Decimal(8, 2)), 101, 1)
GO
INSERT [dbo].[employees] ([employee_id], [first_name], [last_name], [email], [phone_number], [hire_date], [job_id], [salary], [manager_id], [department_id]) VALUES (201, N'Michael', N'Hartstein', N'michael.hartstein@sqltutorial.org', N'515.123.5555', CAST(N'1996-02-17' AS Date), 10, CAST(13000.00 AS Decimal(8, 2)), 100, 2)
GO
INSERT [dbo].[employees] ([employee_id], [first_name], [last_name], [email], [phone_number], [hire_date], [job_id], [salary], [manager_id], [department_id]) VALUES (202, N'Pat', N'Fay', N'pat.fay@sqltutorial.org', N'603.123.6666', CAST(N'1997-08-17' AS Date), 11, CAST(6000.00 AS Decimal(8, 2)), 201, 2)
GO
INSERT [dbo].[employees] ([employee_id], [first_name], [last_name], [email], [phone_number], [hire_date], [job_id], [salary], [manager_id], [department_id]) VALUES (203, N'Susan', N'Mavris', N'susan.mavris@sqltutorial.org', N'515.123.7777', CAST(N'1994-06-07' AS Date), 8, CAST(6500.00 AS Decimal(8, 2)), 101, 4)
GO
INSERT [dbo].[employees] ([employee_id], [first_name], [last_name], [email], [phone_number], [hire_date], [job_id], [salary], [manager_id], [department_id]) VALUES (204, N'Hermann', N'Baer', N'hermann.baer@sqltutorial.org', N'515.123.8888', CAST(N'1994-06-07' AS Date), 12, CAST(10000.00 AS Decimal(8, 2)), 101, 7)
GO
INSERT [dbo].[employees] ([employee_id], [first_name], [last_name], [email], [phone_number], [hire_date], [job_id], [salary], [manager_id], [department_id]) VALUES (205, N'Shelley', N'Higgins', N'shelley.higgins@sqltutorial.org', N'515.123.8080', CAST(N'1994-06-07' AS Date), 2, CAST(12000.00 AS Decimal(8, 2)), 101, 11)
GO
INSERT [dbo].[employees] ([employee_id], [first_name], [last_name], [email], [phone_number], [hire_date], [job_id], [salary], [manager_id], [department_id]) VALUES (206, N'William', N'Gietz', N'william.gietz@sqltutorial.org', N'515.123.8181', CAST(N'1994-06-07' AS Date), 1, CAST(8300.00 AS Decimal(8, 2)), 205, 11)
GO
SET IDENTITY_INSERT [dbo].[employees] OFF
GO
SET IDENTITY_INSERT [dbo].[jobs] ON 
GO
INSERT [dbo].[jobs] ([job_id], [job_title], [min_salary], [max_salary]) VALUES (1, N'Public Accountant', CAST(4200.00 AS Decimal(8, 2)), CAST(9000.00 AS Decimal(8, 2)))
GO
INSERT [dbo].[jobs] ([job_id], [job_title], [min_salary], [max_salary]) VALUES (2, N'Accounting Manager', CAST(8200.00 AS Decimal(8, 2)), CAST(16000.00 AS Decimal(8, 2)))
GO
INSERT [dbo].[jobs] ([job_id], [job_title], [min_salary], [max_salary]) VALUES (3, N'Administration Assistant', CAST(3000.00 AS Decimal(8, 2)), CAST(6000.00 AS Decimal(8, 2)))
GO
INSERT [dbo].[jobs] ([job_id], [job_title], [min_salary], [max_salary]) VALUES (4, N'President', CAST(20000.00 AS Decimal(8, 2)), CAST(40000.00 AS Decimal(8, 2)))
GO
INSERT [dbo].[jobs] ([job_id], [job_title], [min_salary], [max_salary]) VALUES (5, N'Administration Vice President', CAST(15000.00 AS Decimal(8, 2)), CAST(30000.00 AS Decimal(8, 2)))
GO
INSERT [dbo].[jobs] ([job_id], [job_title], [min_salary], [max_salary]) VALUES (6, N'Accountant', CAST(4200.00 AS Decimal(8, 2)), CAST(9000.00 AS Decimal(8, 2)))
GO
INSERT [dbo].[jobs] ([job_id], [job_title], [min_salary], [max_salary]) VALUES (7, N'Finance Manager', CAST(8200.00 AS Decimal(8, 2)), CAST(16000.00 AS Decimal(8, 2)))
GO
INSERT [dbo].[jobs] ([job_id], [job_title], [min_salary], [max_salary]) VALUES (8, N'Human Resources Representative', CAST(4000.00 AS Decimal(8, 2)), CAST(9000.00 AS Decimal(8, 2)))
GO
INSERT [dbo].[jobs] ([job_id], [job_title], [min_salary], [max_salary]) VALUES (9, N'Programmer', CAST(4000.00 AS Decimal(8, 2)), CAST(10000.00 AS Decimal(8, 2)))
GO
INSERT [dbo].[jobs] ([job_id], [job_title], [min_salary], [max_salary]) VALUES (10, N'Marketing Manager', CAST(9000.00 AS Decimal(8, 2)), CAST(15000.00 AS Decimal(8, 2)))
GO
INSERT [dbo].[jobs] ([job_id], [job_title], [min_salary], [max_salary]) VALUES (11, N'Marketing Representative', CAST(4000.00 AS Decimal(8, 2)), CAST(9000.00 AS Decimal(8, 2)))
GO
INSERT [dbo].[jobs] ([job_id], [job_title], [min_salary], [max_salary]) VALUES (12, N'Public Relations Representative', CAST(4500.00 AS Decimal(8, 2)), CAST(10500.00 AS Decimal(8, 2)))
GO
INSERT [dbo].[jobs] ([job_id], [job_title], [min_salary], [max_salary]) VALUES (13, N'Purchasing Clerk', CAST(2500.00 AS Decimal(8, 2)), CAST(5500.00 AS Decimal(8, 2)))
GO
INSERT [dbo].[jobs] ([job_id], [job_title], [min_salary], [max_salary]) VALUES (14, N'Purchasing Manager', CAST(8000.00 AS Decimal(8, 2)), CAST(15000.00 AS Decimal(8, 2)))
GO
INSERT [dbo].[jobs] ([job_id], [job_title], [min_salary], [max_salary]) VALUES (15, N'Sales Manager', CAST(10000.00 AS Decimal(8, 2)), CAST(20000.00 AS Decimal(8, 2)))
GO
INSERT [dbo].[jobs] ([job_id], [job_title], [min_salary], [max_salary]) VALUES (16, N'Sales Representative', CAST(6000.00 AS Decimal(8, 2)), CAST(12000.00 AS Decimal(8, 2)))
GO
INSERT [dbo].[jobs] ([job_id], [job_title], [min_salary], [max_salary]) VALUES (17, N'Shipping Clerk', CAST(2500.00 AS Decimal(8, 2)), CAST(5500.00 AS Decimal(8, 2)))
GO
INSERT [dbo].[jobs] ([job_id], [job_title], [min_salary], [max_salary]) VALUES (18, N'Stock Clerk', CAST(2000.00 AS Decimal(8, 2)), CAST(5000.00 AS Decimal(8, 2)))
GO
INSERT [dbo].[jobs] ([job_id], [job_title], [min_salary], [max_salary]) VALUES (19, N'Stock Manager', CAST(5500.00 AS Decimal(8, 2)), CAST(8500.00 AS Decimal(8, 2)))
GO
SET IDENTITY_INSERT [dbo].[jobs] OFF
GO
ALTER TABLE [dbo].[employees] ADD  DEFAULT (NULL) FOR [first_name]
GO
ALTER TABLE [dbo].[employees] ADD  DEFAULT (NULL) FOR [phone_number]
GO
ALTER TABLE [dbo].[employees] ADD  DEFAULT (NULL) FOR [manager_id]
GO
ALTER TABLE [dbo].[employees] ADD  DEFAULT (NULL) FOR [department_id]
GO
ALTER TABLE [dbo].[jobs] ADD  DEFAULT (NULL) FOR [min_salary]
GO
ALTER TABLE [dbo].[jobs] ADD  DEFAULT (NULL) FOR [max_salary]
GO
ALTER TABLE [dbo].[employees]  WITH CHECK ADD FOREIGN KEY([department_id])
REFERENCES [dbo].[departments] ([department_id])
ON UPDATE CASCADE
ON DELETE CASCADE
GO
ALTER TABLE [dbo].[employees]  WITH CHECK ADD FOREIGN KEY([job_id])
REFERENCES [dbo].[jobs] ([job_id])
ON UPDATE CASCADE
ON DELETE CASCADE
GO
ALTER TABLE [dbo].[employees]  WITH CHECK ADD FOREIGN KEY([manager_id])
REFERENCES [dbo].[employees] ([employee_id])
GO
USE [master]
GO
ALTER DATABASE [NorthwindEasy] SET  READ_WRITE 
GO
